{
    "Product":[
        {
            "id":101,
            "name":"iPhone 5",
            "price":155000,
            "company":"Apple"
        },
        {
            "id":102,
            "name":"laptop",
            "price":65000,
            "company":"HP"
        },
        {
            "id":103,
            "name":"Charger",
            "price":450,
            "company":"Samsung"
        },
        {
            "id":104,
            "name":"Mouse",
            "price":750,
            "company":"Logitech"
        },
        {
            "id":105,
            "name":"KeyBoard",
            "price":8500,
            "company":"Red-Gear"
        },
        {
            "id":106,
            "name":"Ear-Phone",
            "price":800,
            "company":"JBL"
        },
        {
            "id":107,
            "name":"Power-Bank",
            "price":1500,
            "company":"Amrone"
        },
        {
            "id":108,
            "name":"Power-Cable",
            "price":500,
            "company":"Vivo"
        },
        {
            "id":109,
            "name":"RAM",
            "price":4500,
            "company":"Intel"
        },
        {
            "id":110,
            "name":"Pen-Drive",
            "price":900,
            "company":"Sandisk"
        }
    ]
}